<?xml version="1.0" encoding="utf-8"?>
<menu xmlns:app="http://schemas.android.com/apk/res-auto"
    xmlns:android="http://schemas.android.com/apk/res/android">
    <item android:title="Setting" android:id="@+id/settings"></item>
    <item android:title="Help" android:id="@+id/help"></item>
    <item android:title="item3" android:id="@+id/item3"></item>
    <item android:title="Logout" android:id="@+id/item4"></item>


    <item android:title="Level Body Week 1"
        app:showAsAction="always"
        android:id="@+id/level"
        />


    <item android:title="  "
        app:showAsAction="always"
        android:id="@+id/empty"
        />

    <item android:title="Item"
        app:showAsAction="always"
        android:icon="@drawable/ic_face_black_24dp"
        android:id="@+id/profile"
        />


</menu>